{
  "assets": [
    {
      "id": "image_0",
      "w": 18,
      "h": 14,
      "u": "siamCat/",
      "p": "img_0.png"
    },
    {
      "id": "image_1",
      "w": 117,
      "h": 138,
      "u": "siamCat/",
      "p": "img_1.png"
    },
    {
      "id": "image_2",
      "w": 132,
      "h": 118,
      "u": "siamCat/",
      "p": "img_2.png"
    },
    {
      "id": "image_3",
      "w": 15,
      "h": 33,
      "u": "siamCat/",
      "p": "img_3.png"
    }
  ],
  "layers": [
    {
      "ddd": 0,
      "ind": 0,
      "ty": 2,
      "nm": "鼻子 2",
      "parent": 3,
      "refId": "image_0",
      "ks": {
        "o": {
          "k": 100
        },
        "r": {
          "k": 0
        },
        "p": {
          "k": [
            85.5,
            90.5,
            0
          ]
        },
        "a": {
          "k": [
            9,
            7,
            0
          ]
        },
        "s": {
          "k": [
            100,
            100,
            100
          ]
        }
      },
      "ao": 0,
      "ip": 0,
      "op": 240,
      "st": 0,
      "bm": 0,
      "sr": 1
    },
    {
      "ddd": 0,
      "ind": 1,
      "ty": 4,
      "nm": "形状图层 9",
      "parent": 3,
      "ks": {
        "o": {
          "k": 100
        },
        "r": {
          "k": 0
        },
        "p": {
          "k": [
            143,
            19.91,
            0
          ]
        },
        "a": {
          "k": [
            0,
            0,
            0
          ]
        },
        "s": {
          "k": [
            -100,
            100,
            100
          ]
        }
      },
      "ao": 0,
      "shapes": [
        {
          "ty": "gr",
          "it": [
            {
              "ind": 0,
              "ty": "sh",
              "ks": {
                "k": {
                  "i": [
                    [
                      0,
                      0
                    ],
                    [
                      23.228,
                      4.729
                    ],
                    [
                      -4.79,
                      -10.698
                    ]
                  ],
                  "o": [
                    [
                      0,
                      0
                    ],
                    [
                      -5.051,
                      -1.028
                    ],
                    [
                      4.06,
                      9.067
                    ]
                  ],
                  "v": [
                    [
                      47.625,
                      72.375
                    ],
                    [
                      35.272,
                      33.021
                    ],
                    [
                      31.468,
                      60.863
                    ]
                  ],
                  "c": true
                }
              },
              "nm": "路径 1",
              "mn": "ADBE Vector Shape - Group"
            },
            {
              "ty": "st",
              "c": {
                "k": [
                  1,
                  0.39,
                  0.39,
                  1
                ]
              },
              "o": {
                "k": 100
              },
              "w": {
                "k": 0
              },
              "lc": 1,
              "lj": 1,
              "ml": 4,
              "nm": "描边 1",
              "mn": "ADBE Vector Graphic - Stroke"
            },
            {
              "ty": "fl",
              "c": {
                "k": [
                  0.73,
                  0.69,
                  0.62,
                  1
                ]
              },
              "o": {
                "k": 100
              },
              "nm": "填充 1",
              "mn": "ADBE Vector Graphic - Fill"
            },
            {
              "ty": "tr",
              "p": {
                "k": [
                  0,
                  0
                ],
                "ix": 2
              },
              "a": {
                "k": [
                  0,
                  0
                ],
                "ix": 1
              },
              "s": {
                "k": [
                  100,
                  100
                ],
                "ix": 3
              },
              "r": {
                "k": 0,
                "ix": 6
              },
              "o": {
                "k": 100,
                "ix": 7
              },
              "sk": {
                "k": 0,
                "ix": 4
              },
              "sa": {
                "k": 0,
                "ix": 5
              },
              "nm": "变换"
            }
          ],
          "nm": "形状 1",
          "np": 3,
          "mn": "ADBE Vector Group"
        }
      ],
      "ip": 0,
      "op": 101,
      "st": -11,
      "bm": 0,
      "sr": 1
    },
    {
      "ddd": 0,
      "ind": 2,
      "ty": 4,
      "nm": "形状图层 8",
      "parent": 3,
      "ks": {
        "o": {
          "k": 100
        },
        "r": {
          "k": 0
        },
        "p": {
          "k": [
            12,
            46.91,
            0
          ]
        },
        "a": {
          "k": [
            0,
            0,
            0
          ]
        },
        "s": {
          "k": [
            100,
            100,
            100
          ]
        }
      },
      "ao": 0,
      "shapes": [
        {
          "ty": "gr",
          "it": [
            {
              "ind": 0,
              "ty": "sh",
              "ks": {
                "k": {
                  "i": [
                    [
                      0.25,
                      -0.125
                    ],
                    [
                      -13.75,
                      0.5
                    ],
                    [
                      0,
                      0
                    ],
                    [
                      21.236,
                      2.471
                    ]
                  ],
                  "o": [
                    [
                      -1.75,
                      21.125
                    ],
                    [
                      13.75,
                      -0.5
                    ],
                    [
                      0,
                      0
                    ],
                    [
                      -8.772,
                      -1.021
                    ]
                  ],
                  "v": [
                    [
                      20.875,
                      36.875
                    ],
                    [
                      43.25,
                      64.5
                    ],
                    [
                      57.375,
                      60.875
                    ],
                    [
                      37.772,
                      33.021
                    ]
                  ],
                  "c": true
                }
              },
              "nm": "路径 1",
              "mn": "ADBE Vector Shape - Group"
            },
            {
              "ty": "st",
              "c": {
                "k": [
                  1,
                  0.39,
                  0.39,
                  1
                ]
              },
              "o": {
                "k": 100
              },
              "w": {
                "k": 0
              },
              "lc": 1,
              "lj": 1,
              "ml": 4,
              "nm": "描边 1",
              "mn": "ADBE Vector Graphic - Stroke"
            },
            {
              "ty": "fl",
              "c": {
                "k": [
                  0.75,
                  0.71,
                  0.63,
                  1
                ]
              },
              "o": {
                "k": 100
              },
              "nm": "填充 1",
              "mn": "ADBE Vector Graphic - Fill"
            },
            {
              "ty": "tr",
              "p": {
                "k": [
                  0,
                  0
                ],
                "ix": 2
              },
              "a": {
                "k": [
                  0,
                  0
                ],
                "ix": 1
              },
              "s": {
                "k": [
                  100,
                  100
                ],
                "ix": 3
              },
              "r": {
                "k": 0,
                "ix": 6
              },
              "o": {
                "k": 100,
                "ix": 7
              },
              "sk": {
                "k": 0,
                "ix": 4
              },
              "sa": {
                "k": 0,
                "ix": 5
              },
              "nm": "变换"
            }
          ],
          "nm": "形状 1",
          "np": 3,
          "mn": "ADBE Vector Group"
        }
      ],
      "ip": 0,
      "op": 98,
      "st": 11,
      "bm": 0,
      "sr": 1
    },
    {
      "ddd": 0,
      "ind": 3,
      "ty": 2,
      "nm": "头 2",
      "refId": "image_1",
      "ks": {
        "o": {
          "k": 100
        },
        "r": {
          "k": [
            {
              "i": {
                "x": [
                  0.667
                ],
                "y": [
                  1
                ]
              },
              "o": {
                "x": [
                  0.333
                ],
                "y": [
                  0
                ]
              },
              "n": [
                "0p667_1_0p333_0"
              ],
              "t": 0,
              "s": [
                0
              ],
              "e": [
                -5
              ]
            },
            {
              "i": {
                "x": [
                  0.667
                ],
                "y": [
                  1
                ]
              },
              "o": {
                "x": [
                  0.333
                ],
                "y": [
                  0
                ]
              },
              "n": [
                "0p667_1_0p333_0"
              ],
              "t": 24,
              "s": [
                -5
              ],
              "e": [
                0
              ]
            },
            {
              "i": {
                "x": [
                  0.667
                ],
                "y": [
                  1
                ]
              },
              "o": {
                "x": [
                  0.167
                ],
                "y": [
                  0
                ]
              },
              "n": [
                "0p667_1_0p167_0"
              ],
              "t": 48,
              "s": [
                0
              ],
              "e": [
                -5
              ]
            },
            {
              "i": {
                "x": [
                  0.667
                ],
                "y": [
                  1
                ]
              },
              "o": {
                "x": [
                  0.333
                ],
                "y": [
                  0
                ]
              },
              "n": [
                "0p667_1_0p333_0"
              ],
              "t": 72,
              "s": [
                -5
              ],
              "e": [
                0
              ]
            },
            {
              "t": 96
            }
          ]
        },
        "p": {
          "k": [
            256.5,
            244.5,
            0
          ]
        },
        "a": {
          "k": [
            72.5,
            91.41,
            0
          ]
        },
        "s": {
          "k": [
            100,
            100,
            100
          ]
        }
      },
      "ao": 0,
      "ip": 0,
      "op": 240,
      "st": 0,
      "bm": 0,
      "sr": 1
    },
    {
      "ddd": 0,
      "ind": 4,
      "ty": 2,
      "nm": "身体 2",
      "refId": "image_2",
      "ks": {
        "o": {
          "k": 100
        },
        "r": {
          "k": 0
        },
        "p": {
          "k": [
            {
              "i": {
                "x": 0.667,
                "y": 1
              },
              "o": {
                "x": 0.333,
                "y": 0
              },
              "n": "0p667_1_0p333_0",
              "t": 0,
              "s": [
                182,
                246,
                0
              ],
              "e": [
                182,
                249,
                0
              ],
              "to": [
                0,
                0,
                0
              ],
              "ti": [
                0,
                0,
                0
              ]
            },
            {
              "i": {
                "x": 0.667,
                "y": 1
              },
              "o": {
                "x": 0.333,
                "y": 0
              },
              "n": "0p667_1_0p333_0",
              "t": 24,
              "s": [
                182,
                249,
                0
              ],
              "e": [
                182,
                246,
                0
              ],
              "to": [
                0,
                0,
                0
              ],
              "ti": [
                0,
                0,
                0
              ]
            },
            {
              "i": {
                "x": 0.667,
                "y": 1
              },
              "o": {
                "x": 0.333,
                "y": 0
              },
              "n": "0p667_1_0p333_0",
              "t": 48,
              "s": [
                182,
                246,
                0
              ],
              "e": [
                182,
                249,
                0
              ],
              "to": [
                0,
                0,
                0
              ],
              "ti": [
                0,
                0,
                0
              ]
            },
            {
              "i": {
                "x": 0.667,
                "y": 1
              },
              "o": {
                "x": 0.333,
                "y": 0
              },
              "n": "0p667_1_0p333_0",
              "t": 72,
              "s": [
                182,
                249,
                0
              ],
              "e": [
                182,
                246,
                0
              ],
              "to": [
                0,
                0,
                0
              ],
              "ti": [
                0,
                0,
                0
              ]
            },
            {
              "t": 96
            }
          ]
        },
        "a": {
          "k": [
            63,
            106,
            0
          ]
        },
        "s": {
          "k": [
            {
              "i": {
                "x": [
                  0.667,
                  0.667,
                  0.667
                ],
                "y": [
                  1,
                  1,
                  0.667
                ]
              },
              "o": {
                "x": [
                  0.333,
                  0.333,
                  0.333
                ],
                "y": [
                  0,
                  0,
                  0.333
                ]
              },
              "n": [
                "0p667_1_0p333_0",
                "0p667_1_0p333_0",
                "0p667_0p667_0p333_0p333"
              ],
              "t": 0,
              "s": [
                100,
                100,
                100
              ],
              "e": [
                104,
                104,
                100
              ]
            },
            {
              "i": {
                "x": [
                  0.667,
                  0.667,
                  0.667
                ],
                "y": [
                  1,
                  1,
                  0.667
                ]
              },
              "o": {
                "x": [
                  0.333,
                  0.333,
                  0.333
                ],
                "y": [
                  0,
                  0,
                  0.333
                ]
              },
              "n": [
                "0p667_1_0p333_0",
                "0p667_1_0p333_0",
                "0p667_0p667_0p333_0p333"
              ],
              "t": 24,
              "s": [
                104,
                104,
                100
              ],
              "e": [
                100,
                100,
                100
              ]
            },
            {
              "i": {
                "x": [
                  0.667,
                  0.667,
                  0.667
                ],
                "y": [
                  1,
                  1,
                  0.667
                ]
              },
              "o": {
                "x": [
                  0.167,
                  0.167,
                  0.167
                ],
                "y": [
                  0,
                  0,
                  0.167
                ]
              },
              "n": [
                "0p667_1_0p167_0",
                "0p667_1_0p167_0",
                "0p667_0p667_0p167_0p167"
              ],
              "t": 48,
              "s": [
                100,
                100,
                100
              ],
              "e": [
                104,
                104,
                100
              ]
            },
            {
              "i": {
                "x": [
                  0.667,
                  0.667,
                  0.667
                ],
                "y": [
                  1,
                  1,
                  0.667
                ]
              },
              "o": {
                "x": [
                  0.333,
                  0.333,
                  0.333
                ],
                "y": [
                  0,
                  0,
                  0.333
                ]
              },
              "n": [
                "0p667_1_0p333_0",
                "0p667_1_0p333_0",
                "0p667_0p667_0p333_0p333"
              ],
              "t": 72,
              "s": [
                104,
                104,
                100
              ],
              "e": [
                100,
                100,
                100
              ]
            },
            {
              "t": 96
            }
          ]
        }
      },
      "ao": 0,
      "ip": 0,
      "op": 240,
      "st": 0,
      "bm": 0,
      "sr": 1
    },
    {
      "ddd": 0,
      "ind": 5,
      "ty": 2,
      "nm": "四肢 4",
      "refId": "image_3",
      "ks": {
        "o": {
          "k": 100
        },
        "r": {
          "k": -66
        },
        "p": {
          "k": [
            280,
            257.5,
            0
          ]
        },
        "a": {
          "k": [
            8.438,
            11.5,
            0
          ]
        },
        "s": {
          "k": [
            {
              "i": {
                "x": [
                  0.667,
                  0.667,
                  0.667
                ],
                "y": [
                  1,
                  1,
                  0.667
                ]
              },
              "o": {
                "x": [
                  0.333,
                  0.333,
                  0.333
                ],
                "y": [
                  0,
                  0,
                  0.333
                ]
              },
              "n": [
                "0p667_1_0p333_0",
                "0p667_1_0p333_0",
                "0p667_0p667_0p333_0p333"
              ],
              "t": 0,
              "s": [
                100,
                100,
                100
              ],
              "e": [
                102,
                102,
                100
              ]
            },
            {
              "i": {
                "x": [
                  0.667,
                  0.667,
                  0.667
                ],
                "y": [
                  1,
                  1,
                  0.667
                ]
              },
              "o": {
                "x": [
                  0.333,
                  0.333,
                  0.333
                ],
                "y": [
                  0,
                  0,
                  0.333
                ]
              },
              "n": [
                "0p667_1_0p333_0",
                "0p667_1_0p333_0",
                "0p667_0p667_0p333_0p333"
              ],
              "t": 24,
              "s": [
                102,
                102,
                100
              ],
              "e": [
                100,
                100,
                100
              ]
            },
            {
              "i": {
                "x": [
                  0.667,
                  0.667,
                  0.667
                ],
                "y": [
                  1,
                  1,
                  0.667
                ]
              },
              "o": {
                "x": [
                  0.333,
                  0.333,
                  0.333
                ],
                "y": [
                  0,
                  0,
                  0.333
                ]
              },
              "n": [
                "0p667_1_0p333_0",
                "0p667_1_0p333_0",
                "0p667_0p667_0p333_0p333"
              ],
              "t": 48,
              "s": [
                100,
                100,
                100
              ],
              "e": [
                102,
                102,
                100
              ]
            },
            {
              "i": {
                "x": [
                  0.667,
                  0.667,
                  0.667
                ],
                "y": [
                  1,
                  1,
                  0.667
                ]
              },
              "o": {
                "x": [
                  0.333,
                  0.333,
                  0.333
                ],
                "y": [
                  0,
                  0,
                  0.333
                ]
              },
              "n": [
                "0p667_1_0p333_0",
                "0p667_1_0p333_0",
                "0p667_0p667_0p333_0p333"
              ],
              "t": 72,
              "s": [
                102,
                102,
                100
              ],
              "e": [
                100,
                100,
                100
              ]
            },
            {
              "t": 96
            }
          ]
        }
      },
      "ao": 0,
      "ip": 0,
      "op": 240,
      "st": 0,
      "bm": 0,
      "sr": 1
    },
    {
      "ddd": 0,
      "ind": 6,
      "ty": 2,
      "nm": "四肢 3",
      "refId": "image_3",
      "ks": {
        "o": {
          "k": 100
        },
        "r": {
          "k": -66
        },
        "p": {
          "k": [
            247,
            277,
            0
          ]
        },
        "a": {
          "k": [
            8.438,
            11.5,
            0
          ]
        },
        "s": {
          "k": [
            {
              "i": {
                "x": [
                  0.667,
                  0.667,
                  0.667
                ],
                "y": [
                  1,
                  1,
                  0.667
                ]
              },
              "o": {
                "x": [
                  0.333,
                  0.333,
                  0.333
                ],
                "y": [
                  0,
                  0,
                  0.333
                ]
              },
              "n": [
                "0p667_1_0p333_0",
                "0p667_1_0p333_0",
                "0p667_0p667_0p333_0p333"
              ],
              "t": 0,
              "s": [
                100,
                100,
                100
              ],
              "e": [
                102,
                102,
                100
              ]
            },
            {
              "i": {
                "x": [
                  0.667,
                  0.667,
                  0.667
                ],
                "y": [
                  1,
                  1,
                  0.667
                ]
              },
              "o": {
                "x": [
                  0.333,
                  0.333,
                  0.333
                ],
                "y": [
                  0,
                  0,
                  0.333
                ]
              },
              "n": [
                "0p667_1_0p333_0",
                "0p667_1_0p333_0",
                "0p667_0p667_0p333_0p333"
              ],
              "t": 24,
              "s": [
                102,
                102,
                100
              ],
              "e": [
                100,
                100,
                100
              ]
            },
            {
              "i": {
                "x": [
                  0.667,
                  0.667,
                  0.667
                ],
                "y": [
                  1,
                  1,
                  0.667
                ]
              },
              "o": {
                "x": [
                  0.333,
                  0.333,
                  0.333
                ],
                "y": [
                  0,
                  0,
                  0.333
                ]
              },
              "n": [
                "0p667_1_0p333_0",
                "0p667_1_0p333_0",
                "0p667_0p667_0p333_0p333"
              ],
              "t": 48,
              "s": [
                100,
                100,
                100
              ],
              "e": [
                102,
                102,
                100
              ]
            },
            {
              "i": {
                "x": [
                  0.667,
                  0.667,
                  0.667
                ],
                "y": [
                  1,
                  1,
                  0.667
                ]
              },
              "o": {
                "x": [
                  0.333,
                  0.333,
                  0.333
                ],
                "y": [
                  0,
                  0,
                  0.333
                ]
              },
              "n": [
                "0p667_1_0p333_0",
                "0p667_1_0p333_0",
                "0p667_0p667_0p333_0p333"
              ],
              "t": 72,
              "s": [
                102,
                102,
                100
              ],
              "e": [
                100,
                100,
                100
              ]
            },
            {
              "t": 96
            }
          ]
        }
      },
      "ao": 0,
      "ip": 0,
      "op": 240,
      "st": 0,
      "bm": 0,
      "sr": 1
    },
    {
      "ddd": 0,
      "ind": 7,
      "ty": 2,
      "nm": "四肢 2",
      "refId": "image_3",
      "ks": {
        "o": {
          "k": 100
        },
        "r": {
          "k": -36
        },
        "p": {
          "k": [
            129.5,
            221.5,
            0
          ]
        },
        "a": {
          "k": [
            6.094,
            5.5,
            0
          ]
        },
        "s": {
          "k": [
            {
              "i": {
                "x": [
                  0.667,
                  0.667,
                  0.667
                ],
                "y": [
                  1,
                  1,
                  0.667
                ]
              },
              "o": {
                "x": [
                  0.333,
                  0.333,
                  0.333
                ],
                "y": [
                  0,
                  0,
                  0.333
                ]
              },
              "n": [
                "0p667_1_0p333_0",
                "0p667_1_0p333_0",
                "0p667_0p667_0p333_0p333"
              ],
              "t": 0,
              "s": [
                100,
                100,
                100
              ],
              "e": [
                102,
                102,
                100
              ]
            },
            {
              "i": {
                "x": [
                  0.667,
                  0.667,
                  0.667
                ],
                "y": [
                  1,
                  1,
                  0.667
                ]
              },
              "o": {
                "x": [
                  0.333,
                  0.333,
                  0.333
                ],
                "y": [
                  0,
                  0,
                  0.333
                ]
              },
              "n": [
                "0p667_1_0p333_0",
                "0p667_1_0p333_0",
                "0p667_0p667_0p333_0p333"
              ],
              "t": 24,
              "s": [
                102,
                102,
                100
              ],
              "e": [
                100,
                100,
                100
              ]
            },
            {
              "i": {
                "x": [
                  0.667,
                  0.667,
                  0.667
                ],
                "y": [
                  1,
                  1,
                  0.667
                ]
              },
              "o": {
                "x": [
                  0.333,
                  0.333,
                  0.333
                ],
                "y": [
                  0,
                  0,
                  0.333
                ]
              },
              "n": [
                "0p667_1_0p333_0",
                "0p667_1_0p333_0",
                "0p667_0p667_0p333_0p333"
              ],
              "t": 48,
              "s": [
                100,
                100,
                100
              ],
              "e": [
                102,
                102,
                100
              ]
            },
            {
              "i": {
                "x": [
                  0.667,
                  0.667,
                  0.667
                ],
                "y": [
                  1,
                  1,
                  0.667
                ]
              },
              "o": {
                "x": [
                  0.333,
                  0.333,
                  0.333
                ],
                "y": [
                  0,
                  0,
                  0.333
                ]
              },
              "n": [
                "0p667_1_0p333_0",
                "0p667_1_0p333_0",
                "0p667_0p667_0p333_0p333"
              ],
              "t": 72,
              "s": [
                102,
                102,
                100
              ],
              "e": [
                100,
                100,
                100
              ]
            },
            {
              "t": 96
            }
          ]
        }
      },
      "ao": 0,
      "ip": 0,
      "op": 240,
      "st": 0,
      "bm": 0,
      "sr": 1
    },
    {
      "ddd": 0,
      "ind": 8,
      "ty": 4,
      "nm": "形状图层 4",
      "ks": {
        "o": {
          "k": 100
        },
        "r": {
          "k": [
            {
              "i": {
                "x": [
                  0.667
                ],
                "y": [
                  1
                ]
              },
              "o": {
                "x": [
                  0.333
                ],
                "y": [
                  0
                ]
              },
              "n": [
                "0p667_1_0p333_0"
              ],
              "t": 0,
              "s": [
                -20
              ],
              "e": [
                25
              ]
            },
            {
              "i": {
                "x": [
                  0.667
                ],
                "y": [
                  1
                ]
              },
              "o": {
                "x": [
                  0.333
                ],
                "y": [
                  0
                ]
              },
              "n": [
                "0p667_1_0p333_0"
              ],
              "t": 24,
              "s": [
                25
              ],
              "e": [
                -20
              ]
            },
            {
              "i": {
                "x": [
                  0.667
                ],
                "y": [
                  1
                ]
              },
              "o": {
                "x": [
                  0.167
                ],
                "y": [
                  0
                ]
              },
              "n": [
                "0p667_1_0p167_0"
              ],
              "t": 48,
              "s": [
                -20
              ],
              "e": [
                25
              ]
            },
            {
              "i": {
                "x": [
                  0.667
                ],
                "y": [
                  1
                ]
              },
              "o": {
                "x": [
                  0.333
                ],
                "y": [
                  0
                ]
              },
              "n": [
                "0p667_1_0p333_0"
              ],
              "t": 72,
              "s": [
                25
              ],
              "e": [
                -20
              ]
            },
            {
              "t": 96
            }
          ]
        },
        "p": {
          "k": [
            157,
            163,
            0
          ]
        },
        "a": {
          "k": [
            -43,
            -37,
            0
          ]
        },
        "s": {
          "k": [
            100,
            100,
            100
          ]
        }
      },
      "ao": 0,
      "shapes": [
        {
          "ty": "gr",
          "it": [
            {
              "ind": 0,
              "ty": "sh",
              "ks": {
                "k": [
                  {
                    "i": {
                      "x": 0.667,
                      "y": 1
                    },
                    "o": {
                      "x": 0.333,
                      "y": 0
                    },
                    "n": "0p667_1_0p333_0",
                    "t": 0,
                    "s": [
                      {
                        "i": [
                          [
                            8.698,
                            5.732
                          ],
                          [
                            -11.071,
                            -14.228
                          ],
                          [
                            -13.949,
                            -3.448
                          ],
                          [
                            0,
                            0
                          ],
                          [
                            -11.25,
                            17
                          ],
                          [
                            15.385,
                            12.467
                          ]
                        ],
                        "o": [
                          [
                            -22.217,
                            -14.642
                          ],
                          [
                            15.977,
                            20.531
                          ],
                          [
                            15.801,
                            3.906
                          ],
                          [
                            0,
                            0
                          ],
                          [
                            2.394,
                            -3.617
                          ],
                          [
                            -30.191,
                            -24.465
                          ]
                        ],
                        "v": [
                          [
                            -113.677,
                            -65.613
                          ],
                          [
                            -138.775,
                            -47.753
                          ],
                          [
                            -74.423,
                            -54.441
                          ],
                          [
                            -55.75,
                            -38.75
                          ],
                          [
                            -39.5,
                            -39.25
                          ],
                          [
                            -50.901,
                            -64.5
                          ]
                        ],
                        "c": true
                      }
                    ],
                    "e": [
                      {
                        "i": [
                          [
                            0.183,
                            6.089
                          ],
                          [
                            -1.5,
                            -27.5
                          ],
                          [
                            -0.994,
                            -13.473
                          ],
                          [
                            0,
                            0
                          ],
                          [
                            -11.25,
                            17
                          ],
                          [
                            -0.04,
                            20.859
                          ]
                        ],
                        "o": [
                          [
                            -0.75,
                            -25
                          ],
                          [
                            0.695,
                            12.742
                          ],
                          [
                            1.674,
                            22.689
                          ],
                          [
                            0,
                            0
                          ],
                          [
                            2.394,
                            -3.617
                          ],
                          [
                            0.035,
                            -18.394
                          ]
                        ],
                        "v": [
                          [
                            -37,
                            -127.5
                          ],
                          [
                            -63.25,
                            -124.5
                          ],
                          [
                            -58.579,
                            -82.015
                          ],
                          [
                            -57.25,
                            -41.75
                          ],
                          [
                            -39.5,
                            -39.25
                          ],
                          [
                            -34.41,
                            -84.213
                          ]
                        ],
                        "c": true
                      }
                    ]
                  },
                  {
                    "i": {
                      "x": 0.667,
                      "y": 1
                    },
                    "o": {
                      "x": 0.333,
                      "y": 0
                    },
                    "n": "0p667_1_0p333_0",
                    "t": 12,
                    "s": [
                      {
                        "i": [
                          [
                            0.183,
                            6.089
                          ],
                          [
                            -1.5,
                            -27.5
                          ],
                          [
                            -0.994,
                            -13.473
                          ],
                          [
                            0,
                            0
                          ],
                          [
                            -11.25,
                            17
                          ],
                          [
                            -0.04,
                            20.859
                          ]
                        ],
                        "o": [
                          [
                            -0.75,
                            -25
                          ],
                          [
                            0.695,
                            12.742
                          ],
                          [
                            1.674,
                            22.689
                          ],
                          [
                            0,
                            0
                          ],
                          [
                            2.394,
                            -3.617
                          ],
                          [
                            0.035,
                            -18.394
                          ]
                        ],
                        "v": [
                          [
                            -37,
                            -127.5
                          ],
                          [
                            -63.25,
                            -124.5
                          ],
                          [
                            -58.579,
                            -82.015
                          ],
                          [
                            -57.25,
                            -41.75
                          ],
                          [
                            -39.5,
                            -39.25
                          ],
                          [
                            -34.41,
                            -84.213
                          ]
                        ],
                        "c": true
                      }
                    ],
                    "e": [
                      {
                        "i": [
                          [
                            -0.638,
                            6.058
                          ],
                          [
                            0.317,
                            -19.408
                          ],
                          [
                            15.551,
                            -10.948
                          ],
                          [
                            0,
                            0
                          ],
                          [
                            -11.25,
                            17
                          ],
                          [
                            -19.978,
                            5.998
                          ]
                        ],
                        "o": [
                          [
                            2.95,
                            -28.019
                          ],
                          [
                            -0.208,
                            12.759
                          ],
                          [
                            -18.603,
                            13.097
                          ],
                          [
                            0,
                            0
                          ],
                          [
                            2.394,
                            -3.617
                          ],
                          [
                            21.651,
                            -6.5
                          ]
                        ],
                        "v": [
                          [
                            18.984,
                            -93.759
                          ],
                          [
                            -6.706,
                            -100.95
                          ],
                          [
                            -38.513,
                            -79.186
                          ],
                          [
                            -57.25,
                            -41.75
                          ],
                          [
                            -39.5,
                            -39.25
                          ],
                          [
                            -16.401,
                            -70.25
                          ]
                        ],
                        "c": true
                      }
                    ]
                  },
                  {
                    "i": {
                      "x": 0.667,
                      "y": 1
                    },
                    "o": {
                      "x": 0.333,
                      "y": 0
                    },
                    "n": "0p667_1_0p333_0",
                    "t": 24,
                    "s": [
                      {
                        "i": [
                          [
                            -0.638,
                            6.058
                          ],
                          [
                            0.317,
                            -19.408
                          ],
                          [
                            15.551,
                            -10.948
                          ],
                          [
                            0,
                            0
                          ],
                          [
                            -11.25,
                            17
                          ],
                          [
                            -19.978,
                            5.998
                          ]
                        ],
                        "o": [
                          [
                            2.95,
                            -28.019
                          ],
                          [
                            -0.208,
                            12.759
                          ],
                          [
                            -18.603,
                            13.097
                          ],
                          [
                            0,
                            0
                          ],
                          [
                            2.394,
                            -3.617
                          ],
                          [
                            21.651,
                            -6.5
                          ]
                        ],
                        "v": [
                          [
                            18.984,
                            -93.759
                          ],
                          [
                            -6.706,
                            -100.95
                          ],
                          [
                            -38.513,
                            -79.186
                          ],
                          [
                            -57.25,
                            -41.75
                          ],
                          [
                            -39.5,
                            -39.25
                          ],
                          [
                            -16.401,
                            -70.25
                          ]
                        ],
                        "c": true
                      }
                    ],
                    "e": [
                      {
                        "i": [
                          [
                            0.183,
                            6.089
                          ],
                          [
                            4.602,
                            -27.154
                          ],
                          [
                            -0.994,
                            -13.473
                          ],
                          [
                            0,
                            0
                          ],
                          [
                            -11.25,
                            17
                          ],
                          [
                            -0.04,
                            20.859
                          ]
                        ],
                        "o": [
                          [
                            -0.75,
                            -25
                          ],
                          [
                            -2.065,
                            12.186
                          ],
                          [
                            1.674,
                            22.689
                          ],
                          [
                            0,
                            0
                          ],
                          [
                            2.394,
                            -3.617
                          ],
                          [
                            0.035,
                            -18.394
                          ]
                        ],
                        "v": [
                          [
                            -37,
                            -127.5
                          ],
                          [
                            -63.25,
                            -124.5
                          ],
                          [
                            -64.074,
                            -82.366
                          ],
                          [
                            -57.25,
                            -41.75
                          ],
                          [
                            -39.5,
                            -39.25
                          ],
                          [
                            -39.169,
                            -83.801
                          ]
                        ],
                        "c": true
                      }
                    ]
                  },
                  {
                    "i": {
                      "x": 0.667,
                      "y": 1
                    },
                    "o": {
                      "x": 0.333,
                      "y": 0
                    },
                    "n": "0p667_1_0p333_0",
                    "t": 37,
                    "s": [
                      {
                        "i": [
                          [
                            0.183,
                            6.089
                          ],
                          [
                            4.602,
                            -27.154
                          ],
                          [
                            -0.994,
                            -13.473
                          ],
                          [
                            0,
                            0
                          ],
                          [
                            -11.25,
                            17
                          ],
                          [
                            -0.04,
                            20.859
                          ]
                        ],
                        "o": [
                          [
                            -0.75,
                            -25
                          ],
                          [
                            -2.065,
                            12.186
                          ],
                          [
                            1.674,
                            22.689
                          ],
                          [
                            0,
                            0
                          ],
                          [
                            2.394,
                            -3.617
                          ],
                          [
                            0.035,
                            -18.394
                          ]
                        ],
                        "v": [
                          [
                            -37,
                            -127.5
                          ],
                          [
                            -63.25,
                            -124.5
                          ],
                          [
                            -64.074,
                            -82.366
                          ],
                          [
                            -57.25,
                            -41.75
                          ],
                          [
                            -39.5,
                            -39.25
                          ],
                          [
                            -39.169,
                            -83.801
                          ]
                        ],
                        "c": true
                      }
                    ],
                    "e": [
                      {
                        "i": [
                          [
                            8.698,
                            5.732
                          ],
                          [
                            -11.071,
                            -14.228
                          ],
                          [
                            -13.949,
                            -3.448
                          ],
                          [
                            0,
                            0
                          ],
                          [
                            -11.25,
                            17
                          ],
                          [
                            15.385,
                            12.467
                          ]
                        ],
                        "o": [
                          [
                            -22.217,
                            -14.642
                          ],
                          [
                            15.977,
                            20.531
                          ],
                          [
                            15.801,
                            3.906
                          ],
                          [
                            0,
                            0
                          ],
                          [
                            2.394,
                            -3.617
                          ],
                          [
                            -30.191,
                            -24.465
                          ]
                        ],
                        "v": [
                          [
                            -113.677,
                            -65.613
                          ],
                          [
                            -138.775,
                            -47.753
                          ],
                          [
                            -74.423,
                            -54.441
                          ],
                          [
                            -55.75,
                            -38.75
                          ],
                          [
                            -39.5,
                            -39.25
                          ],
                          [
                            -50.901,
                            -64.5
                          ]
                        ],
                        "c": true
                      }
                    ]
                  },
                  {
                    "i": {
                      "x": 0.667,
                      "y": 1
                    },
                    "o": {
                      "x": 0.167,
                      "y": 0
                    },
                    "n": "0p667_1_0p167_0",
                    "t": 48,
                    "s": [
                      {
                        "i": [
                          [
                            8.698,
                            5.732
                          ],
                          [
                            -11.071,
                            -14.228
                          ],
                          [
                            -13.949,
                            -3.448
                          ],
                          [
                            0,
                            0
                          ],
                          [
                            -11.25,
                            17
                          ],
                          [
                            15.385,
                            12.467
                          ]
                        ],
                        "o": [
                          [
                            -22.217,
                            -14.642
                          ],
                          [
                            15.977,
                            20.531
                          ],
                          [
                            15.801,
                            3.906
                          ],
                          [
                            0,
                            0
                          ],
                          [
                            2.394,
                            -3.617
                          ],
                          [
                            -30.191,
                            -24.465
                          ]
                        ],
                        "v": [
                          [
                            -113.677,
                            -65.613
                          ],
                          [
                            -138.775,
                            -47.753
                          ],
                          [
                            -74.423,
                            -54.441
                          ],
                          [
                            -55.75,
                            -38.75
                          ],
                          [
                            -39.5,
                            -39.25
                          ],
                          [
                            -50.901,
                            -64.5
                          ]
                        ],
                        "c": true
                      }
                    ],
                    "e": [
                      {
                        "i": [
                          [
                            0.183,
                            6.089
                          ],
                          [
                            -1.5,
                            -27.5
                          ],
                          [
                            -0.994,
                            -13.473
                          ],
                          [
                            0,
                            0
                          ],
                          [
                            -11.25,
                            17
                          ],
                          [
                            -0.04,
                            20.859
                          ]
                        ],
                        "o": [
                          [
                            -0.75,
                            -25
                          ],
                          [
                            0.695,
                            12.742
                          ],
                          [
                            1.674,
                            22.689
                          ],
                          [
                            0,
                            0
                          ],
                          [
                            2.394,
                            -3.617
                          ],
                          [
                            0.035,
                            -18.394
                          ]
                        ],
                        "v": [
                          [
                            -37,
                            -127.5
                          ],
                          [
                            -63.25,
                            -124.5
                          ],
                          [
                            -58.579,
                            -82.015
                          ],
                          [
                            -57.25,
                            -41.75
                          ],
                          [
                            -39.5,
                            -39.25
                          ],
                          [
                            -34.41,
                            -84.213
                          ]
                        ],
                        "c": true
                      }
                    ]
                  },
                  {
                    "i": {
                      "x": 0.667,
                      "y": 1
                    },
                    "o": {
                      "x": 0.333,
                      "y": 0
                    },
                    "n": "0p667_1_0p333_0",
                    "t": 60,
                    "s": [
                      {
                        "i": [
                          [
                            0.183,
                            6.089
                          ],
                          [
                            -1.5,
                            -27.5
                          ],
                          [
                            -0.994,
                            -13.473
                          ],
                          [
                            0,
                            0
                          ],
                          [
                            -11.25,
                            17
                          ],
                          [
                            -0.04,
                            20.859
                          ]
                        ],
                        "o": [
                          [
                            -0.75,
                            -25
                          ],
                          [
                            0.695,
                            12.742
                          ],
                          [
                            1.674,
                            22.689
                          ],
                          [
                            0,
                            0
                          ],
                          [
                            2.394,
                            -3.617
                          ],
                          [
                            0.035,
                            -18.394
                          ]
                        ],
                        "v": [
                          [
                            -37,
                            -127.5
                          ],
                          [
                            -63.25,
                            -124.5
                          ],
                          [
                            -58.579,
                            -82.015
                          ],
                          [
                            -57.25,
                            -41.75
                          ],
                          [
                            -39.5,
                            -39.25
                          ],
                          [
                            -34.41,
                            -84.213
                          ]
                        ],
                        "c": true
                      }
                    ],
                    "e": [
                      {
                        "i": [
                          [
                            -0.638,
                            6.058
                          ],
                          [
                            0.317,
                            -19.408
                          ],
                          [
                            15.551,
                            -10.948
                          ],
                          [
                            0,
                            0
                          ],
                          [
                            -11.25,
                            17
                          ],
                          [
                            -19.978,
                            5.998
                          ]
                        ],
                        "o": [
                          [
                            2.95,
                            -28.019
                          ],
                          [
                            -0.208,
                            12.759
                          ],
                          [
                            -18.603,
                            13.097
                          ],
                          [
                            0,
                            0
                          ],
                          [
                            2.394,
                            -3.617
                          ],
                          [
                            21.651,
                            -6.5
                          ]
                        ],
                        "v": [
                          [
                            18.984,
                            -93.759
                          ],
                          [
                            -6.706,
                            -100.95
                          ],
                          [
                            -38.513,
                            -79.186
                          ],
                          [
                            -57.25,
                            -41.75
                          ],
                          [
                            -39.5,
                            -39.25
                          ],
                          [
                            -16.401,
                            -70.25
                          ]
                        ],
                        "c": true
                      }
                    ]
                  },
                  {
                    "i": {
                      "x": 0.667,
                      "y": 1
                    },
                    "o": {
                      "x": 0.333,
                      "y": 0
                    },
                    "n": "0p667_1_0p333_0",
                    "t": 72,
                    "s": [
                      {
                        "i": [
                          [
                            -0.638,
                            6.058
                          ],
                          [
                            0.317,
                            -19.408
                          ],
                          [
                            15.551,
                            -10.948
                          ],
                          [
                            0,
                            0
                          ],
                          [
                            -11.25,
                            17
                          ],
                          [
                            -19.978,
                            5.998
                          ]
                        ],
                        "o": [
                          [
                            2.95,
                            -28.019
                          ],
                          [
                            -0.208,
                            12.759
                          ],
                          [
                            -18.603,
                            13.097
                          ],
                          [
                            0,
                            0
                          ],
                          [
                            2.394,
                            -3.617
                          ],
                          [
                            21.651,
                            -6.5
                          ]
                        ],
                        "v": [
                          [
                            18.984,
                            -93.759
                          ],
                          [
                            -6.706,
                            -100.95
                          ],
                          [
                            -38.513,
                            -79.186
                          ],
                          [
                            -57.25,
                            -41.75
                          ],
                          [
                            -39.5,
                            -39.25
                          ],
                          [
                            -16.401,
                            -70.25
                          ]
                        ],
                        "c": true
                      }
                    ],
                    "e": [
                      {
                        "i": [
                          [
                            0.183,
                            6.089
                          ],
                          [
                            4.602,
                            -27.154
                          ],
                          [
                            -0.994,
                            -13.473
                          ],
                          [
                            0,
                            0
                          ],
                          [
                            -11.25,
                            17
                          ],
                          [
                            -0.04,
                            20.859
                          ]
                        ],
                        "o": [
                          [
                            -0.75,
                            -25
                          ],
                          [
                            -2.065,
                            12.186
                          ],
                          [
                            1.674,
                            22.689
                          ],
                          [
                            0,
                            0
                          ],
                          [
                            2.394,
                            -3.617
                          ],
                          [
                            0.035,
                            -18.394
                          ]
                        ],
                        "v": [
                          [
                            -37,
                            -127.5
                          ],
                          [
                            -63.25,
                            -124.5
                          ],
                          [
                            -64.074,
                            -82.366
                          ],
                          [
                            -57.25,
                            -41.75
                          ],
                          [
                            -39.5,
                            -39.25
                          ],
                          [
                            -39.169,
                            -83.801
                          ]
                        ],
                        "c": true
                      }
                    ]
                  },
                  {
                    "i": {
                      "x": 0.667,
                      "y": 1
                    },
                    "o": {
                      "x": 0.333,
                      "y": 0
                    },
                    "n": "0p667_1_0p333_0",
                    "t": 85,
                    "s": [
                      {
                        "i": [
                          [
                            0.183,
                            6.089
                          ],
                          [
                            4.602,
                            -27.154
                          ],
                          [
                            -0.994,
                            -13.473
                          ],
                          [
                            0,
                            0
                          ],
                          [
                            -11.25,
                            17
                          ],
                          [
                            -0.04,
                            20.859
                          ]
                        ],
                        "o": [
                          [
                            -0.75,
                            -25
                          ],
                          [
                            -2.065,
                            12.186
                          ],
                          [
                            1.674,
                            22.689
                          ],
                          [
                            0,
                            0
                          ],
                          [
                            2.394,
                            -3.617
                          ],
                          [
                            0.035,
                            -18.394
                          ]
                        ],
                        "v": [
                          [
                            -37,
                            -127.5
                          ],
                          [
                            -63.25,
                            -124.5
                          ],
                          [
                            -64.074,
                            -82.366
                          ],
                          [
                            -57.25,
                            -41.75
                          ],
                          [
                            -39.5,
                            -39.25
                          ],
                          [
                            -39.169,
                            -83.801
                          ]
                        ],
                        "c": true
                      }
                    ],
                    "e": [
                      {
                        "i": [
                          [
                            8.698,
                            5.732
                          ],
                          [
                            -11.071,
                            -14.228
                          ],
                          [
                            -13.949,
                            -3.448
                          ],
                          [
                            0,
                            0
                          ],
                          [
                            -11.25,
                            17
                          ],
                          [
                            15.385,
                            12.467
                          ]
                        ],
                        "o": [
                          [
                            -22.217,
                            -14.642
                          ],
                          [
                            15.977,
                            20.531
                          ],
                          [
                            15.801,
                            3.906
                          ],
                          [
                            0,
                            0
                          ],
                          [
                            2.394,
                            -3.617
                          ],
                          [
                            -30.191,
                            -24.465
                          ]
                        ],
                        "v": [
                          [
                            -113.677,
                            -65.613
                          ],
                          [
                            -138.775,
                            -47.753
                          ],
                          [
                            -74.423,
                            -54.441
                          ],
                          [
                            -55.75,
                            -38.75
                          ],
                          [
                            -39.5,
                            -39.25
                          ],
                          [
                            -50.901,
                            -64.5
                          ]
                        ],
                        "c": true
                      }
                    ]
                  },
                  {
                    "t": 96
                  }
                ]
              },
              "nm": "路径 1",
              "mn": "ADBE Vector Shape - Group"
            },
            {
              "ty": "st",
              "c": {
                "k": [
                  1,
                  0.39,
                  0.39,
                  1
                ]
              },
              "o": {
                "k": 100
              },
              "w": {
                "k": 0
              },
              "lc": 1,
              "lj": 1,
              "ml": 4,
              "nm": "描边 1",
              "mn": "ADBE Vector Graphic - Stroke"
            },
            {
              "ty": "fl",
              "c": {
                "k": [
                  0.34,
                  0.34,
                  0.34,
                  1
                ]
              },
              "o": {
                "k": 100
              },
              "nm": "填充 1",
              "mn": "ADBE Vector Graphic - Fill"
            },
            {
              "ty": "tr",
              "p": {
                "k": [
                  0.194,
                  0.393
                ],
                "ix": 2
              },
              "a": {
                "k": [
                  0,
                  0
                ],
                "ix": 1
              },
              "s": {
                "k": [
                  100,
                  100
                ],
                "ix": 3
              },
              "r": {
                "k": 0,
                "ix": 6
              },
              "o": {
                "k": 100,
                "ix": 7
              },
              "sk": {
                "k": 0,
                "ix": 4
              },
              "sa": {
                "k": 0,
                "ix": 5
              },
              "nm": "变换"
            }
          ],
          "nm": "形状 1",
          "np": 3,
          "mn": "ADBE Vector Group"
        }
      ],
      "ip": -10,
      "op": 230,
      "st": -10,
      "bm": 0,
      "sr": 1
    }
  ],
  "v": "4.5.4",
  "ddd": 0,
  "ip": 0,
  "op": 96,
  "fr": 24,
  "w": 400,
  "h": 400
}